presentation,pdf
https://www.usenix.org/conference/osdi23/presentation/gupta,https://www.usenix.org/system/files/osdi23-gupta.pdf
https://www.usenix.org/conference/osdi23/presentation/lo,https://www.usenix.org/system/files/osdi23-lo.pdf
https://www.usenix.org/conference/osdi23/presentation/zhou-zhe,https://www.usenix.org/system/files/osdi23-zhou-zhe.pdf
https://www.usenix.org/conference/osdi23/presentation/berger,https://www.usenix.org/system/files/osdi23-berger.pdf
https://www.usenix.org/conference/osdi23/presentation/ren,https://www.usenix.org/system/files/osdi23-ren.pdf
https://www.usenix.org/conference/osdi23/presentation/dauterman,https://www.usenix.org/system/files/osdi23-dauterman.pdf
https://www.usenix.org/conference/osdi23/presentation/albab,https://www.usenix.org/system/files/osdi23-albab.pdf
https://www.usenix.org/conference/osdi23/presentation/li-mingyu,https://www.usenix.org/system/files/osdi23-li-mingyu.pdf
https://www.usenix.org/conference/osdi23/presentation/li-chenxing,https://www.usenix.org/system/files/osdi23-li-chenxing.pdf
https://www.usenix.org/conference/osdi23/presentation/mai,https://www.usenix.org/system/files/osdi23-mai.pdf
https://www.usenix.org/conference/osdi23/presentation/ahmad,https://www.usenix.org/system/files/osdi23-ahmad.pdf
https://www.usenix.org/conference/osdi23/presentation/angel,https://www.usenix.org/system/files/osdi23-angel.pdf
https://www.usenix.org/conference/osdi23/presentation/sajal,https://www.usenix.org/system/files/osdi23-sajal.pdf
https://www.usenix.org/conference/osdi23/presentation/chen,https://www.usenix.org/system/files/osdi23-chen.pdf
https://www.usenix.org/conference/osdi23/presentation/zhou-ziqiao,https://www.usenix.org/system/files/osdi23-zhou-ziqiao.pdf
https://www.usenix.org/conference/osdi23/presentation/zhuang,https://www.usenix.org/system/files/osdi23-zhuang.pdf
https://www.usenix.org/conference/osdi23/presentation/lyu,https://www.usenix.org/system/files/osdi23-lyu.pdf
https://www.usenix.org/conference/osdi23/presentation/lu,https://www.usenix.org/system/files/osdi23-lu.pdf
https://www.usenix.org/conference/osdi23/presentation/grubic,https://www.usenix.org/system/files/osdi23-grubic.pdf
https://www.usenix.org/conference/osdi23/presentation/eldeeb,https://www.usenix.org/system/files/osdi23-eldeeb.pdf
https://www.usenix.org/conference/osdi23/presentation/mehdi,https://www.usenix.org/system/files/osdi23-mehdi.pdf
https://www.usenix.org/conference/osdi23/presentation/zhang-qianxi,https://www.usenix.org/system/files/osdi23-zhang-qianxi_1.pdf
https://www.usenix.org/conference/osdi23/presentation/jiang,https://www.usenix.org/system/files/osdi23-jiang.pdf
https://www.usenix.org/conference/osdi23/presentation/cheng,https://www.usenix.org/system/files/osdi23-cheng.pdf
https://www.usenix.org/conference/osdi23/presentation/wang-qing,https://www.usenix.org/system/files/osdi23-wang-qing.pdf
https://www.usenix.org/conference/osdi23/presentation/min,https://www.usenix.org/system/files/osdi23-min.pdf
https://www.usenix.org/conference/osdi23/presentation/wang-chao,https://www.usenix.org/system/files/osdi23-wang-chao.pdf
https://www.usenix.org/conference/osdi23/presentation/wei-rdma,https://www.usenix.org/system/files/osdi23-wei-rdma.pdf
https://www.usenix.org/conference/osdi23/presentation/lepers,https://www.usenix.org/system/files/osdi23-lepers.pdf
https://www.usenix.org/conference/osdi23/presentation/gopal,https://www.usenix.org/system/files/osdi23-gopal.pdf
https://www.usenix.org/conference/osdi23/presentation/luo,https://www.usenix.org/system/files/osdi23-luo.pdf
https://www.usenix.org/conference/osdi23/presentation/sartakov,https://www.usenix.org/system/files/osdi23-sartakov.pdf
https://www.usenix.org/conference/osdi23/presentation/eriksen,https://www.usenix.org/system/files/osdi23-eriksen.pdf
https://www.usenix.org/conference/osdi23/presentation/meza,https://www.usenix.org/system/files/osdi23-meza.pdf
https://www.usenix.org/conference/osdi23/presentation/bhardwaj,https://www.usenix.org/system/files/osdi23-bhardwaj.pdf
https://www.usenix.org/conference/osdi23/presentation/vuppalapati,https://www.usenix.org/system/files/osdi23-vuppalapati.pdf
https://www.usenix.org/conference/osdi23/presentation/li-zhouhan,https://www.usenix.org/system/files/osdi23-li-zhuohan.pdf
https://www.usenix.org/conference/osdi23/presentation/zhang-chen,https://www.usenix.org/system/files/osdi23-zhang-chen.pdf
https://www.usenix.org/conference/osdi23/presentation/shi,https://www.usenix.org/system/files/osdi23-shi.pdf
https://www.usenix.org/conference/osdi23/presentation/zhao,https://www.usenix.org/system/files/osdi23-zhao.pdf
https://www.usenix.org/conference/osdi23/presentation/zheng,https://www.usenix.org/system/files/osdi23-zheng.pdf
https://www.usenix.org/conference/osdi23/presentation/hu,https://www.usenix.org/system/files/osdi23-hu.pdf
https://www.usenix.org/conference/osdi23/presentation/wang-yuke,https://www.usenix.org/system/files/osdi23-wang-yuke.pdf
https://www.usenix.org/conference/osdi23/presentation/cui,https://www.usenix.org/system/files/osdi23-cui.pdf
https://www.usenix.org/conference/osdi23/presentation/lai,https://www.usenix.org/system/files/osdi23-lai.pdf
https://www.usenix.org/conference/osdi23/presentation/wang-jiawei,https://www.usenix.org/system/files/osdi23-wang-jiawei.pdf
https://www.usenix.org/conference/osdi23/presentation/li-xupeng,https://www.usenix.org/system/files/osdi23-li-xupeng.pdf
https://www.usenix.org/conference/osdi23/presentation/chang,https://www.usenix.org/system/files/osdi23-chang.pdf
https://www.usenix.org/conference/osdi23/presentation/ding,https://www.usenix.org/system/files/osdi23-ding.pdf
https://www.usenix.org/conference/osdi23/presentation/hance,https://www.usenix.org/system/files/osdi23-hance.pdf
https://www.usenix.org/conference/osdi23/presentation/li-qiang,https://www.usenix.org/system/files/osdi23-li-qiang.pdf
https://www.usenix.org/conference/osdi23/presentation/pismenny,https://www.usenix.org/system/files/osdi23-pismenny.pdf
https://www.usenix.org/conference/osdi23/presentation/saokar,https://www.usenix.org/system/files/osdi23-saokar.pdf
https://www.usenix.org/conference/osdi23/presentation/wei-smartnic,https://www.usenix.org/system/files/osdi23-wei-smartnic.pdf
https://www.usenix.org/conference/osdi23/presentation/sadok,https://www.usenix.org/system/files/osdi23-sadok.pdf